2.096977,1.785833
15.594757,14.953188
6.579219,5.948873
8.070499,7.432762
7.503605,6.927875
7.586159,7.001763
8.988493,8.395633
21.264077,18.728009
10.19339,9.547739
10.282982,9.648718
12.190082,11.558867
7.540653,6.930526
8.82526,8.170726
8.355365,7.724419
7.844173,7.208191
7.233456,6.648953
9.258181,8.628615
8.902339,8.233759
8.640608,7.990553
8.632853,7.274874
7.457272,6.845987
3.23053,2.808978
22.203373,20.962008
23.981026,22.353434
2.638531,2.324626
11.912729,11.293014
7.806339,7.217322
10.180098,9.559834
11.614083,11.020717
8.135618,7.515921
1.21652,0.982759
2.089878,1.795282
9.531236,8.918662
11.755703,11.136357
8.929995,8.270449
8.439591,7.86792
8.088918,7.483362
9.680738,9.031941
1.95265,1.601288
7.656311,7.068402
4.977387,4.522701
7.111267,6.538198
13.417489,12.755661
9.402934,8.79906
9.280217,8.681606
1.987005,1.658119
8.571494,7.953013
8.128286,7.535827
8.100153,7.512868
3.860337,3.450204
11.672656,11.082435
14.191841,13.602408
10.797295,10.201248
10.323864,9.714039
9.339736,8.73527
8.712529,8.127603
11.668405,11.072061
8.799335,8.182736
10.251142,9.644251
7.600974,7.032022
8.067231,7.504157
8.82956,8.225513
1.146317,0.859093
10.242099,7.222775
11.43922,10.803553
8.84493,8.225526
15.351438,14.733557
16.982463,16.431869
3.308767,2.9307
7.322608,6.745939
12.496999,11.840704
13.605109,12.935522
13.048484,12.390547
8.748352,8.146081
7.810899,7.235537
8.514461,7.918642
8.760613,8.155885
14.568411,13.946908
2.09164,1.788353
1.967482,1.668795
8.155433,7.515521
8.623828,7.965263
13.334902,12.72958
8.786053,8.182446
1.17681,0.879316
7.491014,6.914756
14.236364,13.598598
8.217893,7.635791
11.892248,11.217319
9.582536,8.939858
8.040559,7.408055
8.358048,7.779921
29.895106,28.820292
7.694967,7.009237
11.787106,11.157011
8.999887,8.427277
15.000707,14.284889
8.205846,7.555517
11.061208,10.49641
18.486841,17.937786
8.093659,7.514957
10.417074,9.819462
12.46069,11.88171
14.763976,14.173985
7.567745,6.990546
6.787667,6.251523
2.043023,1.76083
7.479442,6.958216
2.02933,1.730974
1.956235,1.660004
13.781779,13.205828
9.131019,8.568069
8.664311,8.046934
9.194676,8.607425
8.530239,7.95936
4.438096,3.997551
8.439929,7.850639
9.546567,8.962075
9.2875,8.714707
7.292409,6.729098
14.271116,13.648565
8.414825,7.885898
8.710338,8.163235
8.198944,7.627659
7.804383,7.218359
9.452876,8.863107
10.659785,10.064041
13.843502,13.288596
11.068375,10.518338
10.341613,9.747244
1.932048,1.62909
11.087858,10.505984
9.525145,8.972662
9.636834,9.056969
12.804592,12.237838
6.037669,5.701354
7.027757,6.538308
9.506259,8.968394
2.058418,1.779265
4.313521,3.914862
1.910116,1.577022
7.641178,7.09324
9.00389,8.460291
7.659161,7.083689
9.311903,8.752295
9.074593,8.50326
10.580965,10.080562
8.004123,7.456182
7.748593,7.215075
9.4233,8.779367
12.103685,11.493713
7.235181,6.654296
8.227845,7.615566
4.652925,4.209802
2.022959,1.684887
3.659578,3.264284
9.96017,9.377212
7.430584,6.887544
8.56473,7.964776
8.374042,7.730582
7.643124,7.111648
2.087934,1.721154
8.662383,8.09242
9.86033,9.291055
9.407701,8.843037
9.842357,8.117245
8.597272,8.032347
9.625823,9.068416
14.054402,13.475664
29.657591,29.070171
28.965414,28.368052
2.608823,2.284228
9.30031,8.724975
30.415884,29.807714
8.648962,8.059306
8.332089,7.746667
8.93241,8.297273
11.055664,10.492651
8.76579,8.152679
8.641095,8.152009
10.363638,9.798307
14.494097,13.889727
8.831965,8.203935
12.871062,12.305773
8.03088,7.467026
8.533896,8.007503
11.254833,10.659491
10.026082,9.43088
10.006913,9.428421
8.225743,7.647191
8.277702,7.751497
8.689093,8.084917
8.824536,8.156089
8.753893,8.114768
7.962889,7.374483
2.162674,1.796257
10.70975,10.131115
3.412486,3.065217
8.182228,7.558246
4.768082,4.329965
8.396063,7.795452
8.794361,8.199035
14.1389,13.562985
9.538839,8.946948
2.020682,1.66831
11.221962,10.582141
8.041769,7.414041
8.692994,8.090913
8.552625,7.976537
13.172179,12.569672
8.684799,8.10552
7.624973,7.086862
8.723763,8.145839
2.060604,1.739497
12.68802,12.127619
12.191114,11.610564
13.930195,13.368161
2.08075,1.810998
9.895452,9.336507
10.918469,10.34568
9.869724,9.312047
1.096482,0.84917
11.064125,10.456933
10.797781,10.221857
3.701585,3.332137
12.958354,12.385799
8.014871,7.43171
8.034353,7.504069
3.567523,3.194452
8.348292,7.781041
7.475233,6.893267
14.140496,13.508138
4.790351,4.361247
7.243453,6.661927
14.089212,13.464765
7.546702,6.933092
7.788704,7.21929
1.902044,1.615736
8.044496,7.466448
8.351655,7.749024
13.743347,13.164396
7.485456,6.928607
7.770976,7.152864
4.248225,3.832547
3.63619,3.264121
8.707932,8.111405
7.281947,6.710766
8.693752,8.094156
8.200076,7.616911
1.123175,0.896965
4.850696,4.406002
8.042148,7.524158
2.612954,2.243314
14.122679,13.509256
1.173424,0.935621
5.508222,5.023979
9.783833,9.218855
7.78928,7.204536
1.860589,1.566544
6.980045,6.437053
7.489499,6.957921
15.465967,14.866633
2.629094,2.31134
8.291158,7.994539
8.87506,8.248693
1.937529,1.660519
9.315009,8.704529
9.224541,8.66165
8.532796,7.935549
9.817263,9.242666
9.225633,8.669458
7.977831,7.372639
1.111453,0.866152
7.7147,7.108289
9.322224,8.736097
8.684198,8.093123
2.161115,1.822416
11.086066,10.465021
22.35896,21.797967
9.660532,9.072327
4.763297,4.334932
7.875197,7.240586
1.973532,1.681064
11.124368,10.52089
5.854379,5.36079
4.590971,4.193586
8.244333,7.633681
8.714004,8.113509
8.956244,8.375099
8.893663,8.35113
9.859195,9.255769
8.62967,8.032591
30.343956,29.705317
17.161768,15.441684
8.763611,8.17259
4.644929,4.20837
11.209483,10.630403
12.740896,12.061852
8.583304,8.01315
3.331055,2.971011
12.361834,11.786202
8.45454,7.883212
1.898642,1.596485
7.736892,7.11726
8.578816,8.009584
14.336733,13.803451
9.270382,8.713181
37.908686,37.326556
8.532132,7.978372
1.891144,1.569083
13.397339,12.782473
2.009116,1.690167
7.316512,6.726182
7.091296,6.516684
1.903382,1.587075
7.530526,6.980926
9.644719,9.05959
8.551958,7.983181
6.049332,5.554264
2.076355,1.798995
8.454397,7.874356
9.062509,8.48549
11.772582,11.205949
7.63606,7.109472
8.585924,7.991855
8.04288,7.466124
9.472961,8.858443
7.175733,6.710123
7.357842,6.819585
14.126842,13.466517
8.235595,7.614962
7.970753,7.379746
1.882928,1.564752
3.12491,2.727993
12.227666,11.651408
8.822277,8.195818
7.900466,7.327146
8.4824,7.919207
12.99933,5.599908
2.082177,1.684549
8.449513,7.86571
7.533682,7.017571
8.847602,8.267703
11.448925,10.860273
2.490324,2.16296
4.535157,4.145969
3.357775,2.989749
9.136913,8.553861
8.715859,8.139734
2.104292,1.777845
9.058534,8.443118
10.025781,9.441574
9.671262,9.091951
1.938026,1.597686
8.565212,7.965764
1.981327,1.654847
4.972623,4.528224
1.062167,0.812543
2.000928,1.678077
13.190458,12.586343
8.015446,7.433042
8.601819,8.023667
28.978624,28.399019
7.241442,6.725901
8.787364,8.172351
28.961015,28.387114
9.375874,8.831894
9.179862,8.557345
11.570857,10.947097
7.463626,6.919619
2.719954,2.356937
2.678748,2.302666
7.887416,7.300864
13.068106,12.502582
8.621216,8.049147
2.014761,1.675474
8.795225,8.228272
2.311248,1.997717
3.574111,3.15991
8.20744,7.63523
14.275785,13.684987
2.463045,2.131714
8.744667,8.151289
10.386538,9.832242
1.128333,0.895453
14.168383,13.560687
5.662766,5.152906
9.475064,8.895148
7.85656,7.268294
9.111543,8.534163
8.603754,8.013788
1.862267,1.57393
1.951141,1.62729
9.289894,8.753166
9.305,8.74166
8.515159,7.952097
2.035253,1.704803
14.22909,13.631263
1.938166,1.625041
7.583598,6.977899
10.369073,9.76307
4.975183,4.521043
30.390471,29.790201
9.447181,8.89271
2.617118,2.299215
9.403479,8.769652
9.108783,8.52367
8.531504,7.956658
9.019389,8.442312
10.134866,9.518152
2.622665,2.242478
1.899581,1.570778
1.153369,0.870335
8.481961,7.922219
7.219202,6.659556
8.255083,7.685369
10.260758,9.696063
1.195126,0.888429
1.117464,0.852123
2.138317,1.793326
2.902984,2.558926
9.414685,8.785969
10.813851,10.253965
11.70457,11.141434
8.086585,7.524828
2.5364,2.170742
8.683742,8.125257
9.565217,8.954437
7.061523,6.520577
29.11103,28.504841
2.014824,1.683466
7.69949,7.095064
14.141425,13.547102
7.795463,7.211898
10.83817,10.236698
8.584446,7.982603
11.29231,10.700109
7.542546,7.044238
1.12798,0.903402
2.096524,1.787512
9.813543,9.185685
12.990154,12.363356
7.724506,7.15396
7.666135,7.095983
12.323557,11.727791
8.198906,7.651878
8.620433,8.028685
11.626145,11.006636
8.169045,7.527029
10.581451,9.961438
9.597463,9.025132
3.298306,2.901866
12.348556,11.765186
11.44373,10.899615
11.601058,11.012609
2.734512,2.37022
10.065079,9.475667
7.965613,7.374423
8.976569,8.355816
30.773616,30.181877
15.666165,12.18817
38.088781,37.455459
8.222085,7.638661
7.873578,7.296869
9.221519,8.573619
8.791423,8.252224
7.594432,7.007333
14.126646,13.5339
1.814679,1.55635
8.263339,7.70563
3.42083,3.045523
2.532323,2.192585
12.763242,12.184634
6.833319,6.333886
1.826443,1.50418
8.022999,7.447189
9.305798,8.741849
9.979501,9.367224
7.952599,7.320755
37.741905,37.168231
8.039372,7.488498
1.911385,1.531196
1.959048,1.636858
29.667491,29.077364
8.844929,8.249468
8.667967,8.02114
8.288441,7.633175
14.937994,14.315419
8.365819,7.792357
3.18795,2.809029
29.517612,28.90882
9.18376,8.559901
14.370642,13.687206
8.135088,7.5638
11.15588,10.618004
38.419885,37.79649
9.422223,8.85164
1.157534,0.876862
1.921897,1.638309
9.711044,9.095983
8.685532,8.18975
7.701132,7.099822
8.100611,7.472348
4.30556,3.872477
3.781423,3.405737
8.68877,8.13937
7.617733,7.093262
8.580412,7.956921
8.124382,7.559188
12.693059,12.082286
8.28089,7.684163
14.399348,13.839095
7.734978,7.212661
13.096267,12.50011
9.615297,8.984178
8.555727,7.987589
8.159004,7.599136
9.954481,9.379085
10.628079,10.032505
8.797782,8.112589
7.910878,7.270656
8.096358,7.490372
8.857782,8.333365
13.533524,12.915093
14.606524,14.041227
7.683658,7.090004
2.115877,1.815418
7.938214,7.414486
8.34668,7.775092
8.600922,8.039016
10.429391,9.824569
6.750188,6.234461
9.257417,8.752601
1.97464,1.657408
11.3104,10.7497
8.567551,8.050986
1.965223,1.579311
1.103761,0.822575
8.086667,7.572986
29.462054,28.809034
1.924573,1.582117
8.309691,7.762661
9.794473,9.25057
8.097754,7.529032
9.676585,9.118141
8.620255,8.076012
10.988695,10.448594
7.617822,7.096911
7.801365,7.178437
8.708206,8.095491
11.530132,10.947454
7.504185,6.989697
6.219772,5.687242
2.007988,1.654636
7.780943,7.198621
8.818583,8.19828
5.080427,4.592915
8.845148,8.264326
7.708859,7.130011
8.036268,7.455754
7.753436,7.17567
8.846062,8.282973
8.457457,7.903561
37.542124,36.92661
30.479988,29.883669
3.705166,3.328953
10.361219,9.755734
7.773506,7.189643
8.55835,7.979325
8.645436,8.047038
2.0281,1.708767
1.92704,1.593671
7.950958,7.368267
8.135069,7.588155
9.291452,8.672952
5.417405,4.952614
10.0089,9.449719
8.89589,8.284386
10.089715,9.485369
30.064663,29.463896
8.483671,7.894208
1.684877,1.417833
5.506809,4.982069
2.99002,2.6053
7.589488,6.998365
12.383733,11.798731
11.722541,11.144508
9.40837,8.820931
9.211936,8.649691
5.58895,5.084436
9.433206,8.859377
3.106334,2.781828
2.081503,1.751698
9.597016,9.004254
29.649282,29.039148
9.490959,8.930108
7.49761,6.941673
6.895871,6.344061
1.923567,1.612866
8.342324,7.803884
7.559622,6.947038
12.311547,11.693842
14.161074,13.566108
48.661737,44.970677
14.735149,14.175888
1.913767,1.625087
20.339601,19.756217
13.702075,13.135979
16.873489,16.335456
7.543447,7.166895
6.904771,6.504374
11.798989,11.24536
16.412577,15.841979
10.356514,9.03989
8.456886,7.886325
27.062245,26.484988
8.393827,7.786947
8.77843,8.178943
8.480272,7.966471
8.944504,8.393226
1.964692,1.679615
13.829614,13.254763
5.243392,4.764449
7.889989,7.33417
7.914212,7.307851
8.12273,7.59274
8.564263,8.031046
8.696038,8.134554
1.999357,1.700553
8.562144,8.027628
7.735298,7.192596
4.891011,4.48042
5.697182,5.260742
8.287298,7.784903
10.089796,9.589495
10.243378,9.648007
10.164202,7.340529
12.325765,11.766369
8.86033,8.294515
8.639441,8.12758
8.208222,7.693357
2.75968,2.4817
9.905004,9.420822
2.683849,2.296997
9.618741,9.077109
1.931629,1.62642
8.623859,8.110535
7.126421,6.697467
9.330717,8.783068
2.757184,2.370019
12.155445,11.611008
8.806285,8.255091
9.810707,9.274843
8.427344,7.917807
9.568787,9.032885
9.308341,8.762639
8.416173,7.878147
8.996717,8.395092
7.363994,6.854465
1.980294,1.666514
7.818444,7.274526
9.046103,8.514275
4.323499,3.942953
9.832667,9.331577
10.186874,9.693766
8.057737,7.542903
29.104477,28.524227
7.366336,6.831794
4.811627,4.391448
8.876598,8.314608
9.151883,8.57713
10.022263,9.436668
7.996499,7.399129
2.296801,1.97966
9.506098,8.546756
7.867587,7.305408
1.883367,1.536176
1.975582,1.643118
2.06655,1.747155
8.744512,8.216502
29.161726,28.545325
1.987535,1.638589
7.539603,6.975257
3.226959,2.869475
7.907174,7.355729
7.881264,7.335007
8.134118,7.617586
2.495231,2.158447
5.422356,4.967424
1.097846,0.836431
2.315835,1.986291
4.813673,4.375973
2.544695,2.233568
7.285457,6.760251
1.102493,0.840183
8.738298,8.17871
9.344271,8.802806
7.871171,7.341359
8.578761,8.036169
14.118766,13.513358
2.340276,1.993004
7.840619,7.264089
11.908398,11.356078
8.499041,7.957884
7.953574,7.38249
8.681923,8.162799
5.148631,4.672009
12.46561,11.883035
2.042406,1.777518
9.078446,8.552674
9.082568,8.536902
8.884888,8.327721
14.370511,13.809424
14.62391,14.06602
12.95349,12.403895
10.916201,10.355904
7.868478,7.322765
2.963406,2.616907
4.558627,4.180389
12.552963,12.012061
8.743865,8.195518
8.881482,8.332274
11.019765,10.509633
10.591583,10.047634
9.565877,8.986393
2.108253,1.796428
4.528559,4.097608
1.860661,1.5406
8.027417,7.479568
9.418338,8.887818
8.716828,8.175326
11.582102,10.999362
7.795825,7.261248
13.267313,12.741654
9.258122,8.728446
8.186674,7.691989
7.769018,7.193664
7.83494,7.263283
8.568365,8.056157
10.679485,10.114556
14.005646,13.456128
1.955888,1.648543
5.485392,5.049122
8.17392,7.620992
8.158909,7.656822
14.557973,14.012651
11.767746,11.246203
8.104677,7.582655
1.886825,1.595155
8.082189,7.533671
10.396748,9.901613
8.389528,7.871901
8.146984,7.588431
8.560923,8.021534
6.791719,6.330381
12.301599,11.737498
7.869204,7.332876
5.44499,5.032805
7.505829,6.968666
7.949273,7.413678
13.055897,12.507249
7.98982,7.47318
9.265719,8.739755
7.693082,7.163055
12.735242,12.167637
10.870932,10.335864
11.034038,10.496761
8.503152,7.956898
7.559445,7.044042
8.398312,7.872031
7.415473,6.867076
7.543299,7.029693
1.109902,0.865496
9.881797,9.342953
7.780186,7.205618
5.791038,5.321544
7.614222,7.118364
7.850901,7.32689
9.350826,8.792763
1.836134,1.531777
9.532591,8.999129
9.518916,9.004138
2.177461,1.922325
8.490087,7.9855
7.940413,7.386455
9.710452,9.179451
5.121196,4.67871
2.03144,1.734077
8.835013,8.313301
5.281666,4.848175
29.683952,29.148036
6.893098,6.427321
7.979566,7.501886
5.041391,4.64753
7.417145,6.898586
7.260103,6.76236
10.132733,9.637681
6.886646,6.390826
14.524377,9.789771
2.683731,2.356189
7.882608,7.378431
11.516874,10.902873
8.586992,8.052047
7.015644,6.509039
1.984144,1.655521
10.66288,10.158191
5.533294,5.060354
14.459159,13.931574
7.563514,7.035645
10.593116,10.071555
8.286931,7.740305
10.881152,10.345751
8.422391,7.893876
10.054421,9.511045
7.793044,7.212022
8.439302,7.936536
8.422912,7.948136
14.009992,13.437226
1.087516,0.836523
1.99691,1.656378
2.305545,1.963929
12.3045,11.781949
8.280203,7.743438
12.310692,11.736032
8.707571,8.169193
7.74445,7.248806
9.10057,8.649581
9.961244,9.431602
8.173346,7.640779
9.494674,8.926333
8.744954,8.20584
7.572696,7.037604
10.924125,10.462712
37.673939,37.112879
1.938559,1.628455
4.805688,4.398228
7.488405,6.948069
12.981396,12.454717
1.720918,1.45922
10.807072,10.224479
8.88396,8.315275
10.201892,9.658072
5.460018,5.050902
8.111665,7.610088
14.083067,13.520126
10.217476,9.738049
8.350075,7.800396
9.31444,8.768804
8.082334,7.533862
8.465873,7.922106
1.936351,1.640014
11.298996,10.756213
2.580235,2.25623
10.106711,9.551404
4.796046,4.40352
2.077243,1.779326
29.095893,28.567582
3.186645,2.831289
8.139468,7.61631
7.032641,6.573204
12.189891,11.670844
7.984214,7.434646
14.13987,13.558131
7.419105,6.905246
13.027909,12.494142
7.633718,7.086154
10.976843,10.440364
8.142581,7.61608
7.959403,7.392906
32.447419,31.851536
9.789183,9.210667
7.2505,6.754149
12.3235,11.748253
5.552222,5.114589
14.179698,13.661403
7.967119,7.446187
7.445182,6.919817
8.922839,8.411693
4.167462,3.8008
7.042582,6.532816
0.976428,0.795123
8.669622,8.114009
9.625259,9.060836
10.364734,9.745019
7.23277,6.710212
8.385206,7.875723
12.660775,12.109955
7.101431,6.611586
9.315025,8.747589
8.030185,7.478777
8.226499,7.700317
7.774698,7.238975
2.924168,2.627456
1.806046,1.519054
8.483679,7.94645
3.340221,3.027942
9.176785,8.670802
1.939006,1.678277
1.845689,1.592983
10.025366,9.465123
9.037532,8.525625
14.671115,14.097242
5.491378,5.043321
8.976803,8.43267
4.528967,4.114288
8.088048,7.535618
30.136743,29.497931
8.662265,8.144036
10.056374,9.492861
4.67652,4.261522
8.633295,8.102782
5.454144,4.98343
8.658997,8.11476
4.764298,4.353374
8.880225,8.355218
10.374929,9.803322
1.967465,1.672639
7.905433,7.391187
14.090138,13.53592
8.0015,7.438145
8.034165,7.503283
37.798623,37.254266
10.272637,9.744153
1.640437,1.388989
10.454546,9.919074
12.258288,11.73721
3.565575,3.195829
1.961939,1.634165
7.888138,7.30992
7.755757,7.180299
9.43325,8.866085
9.970614,9.393229
1.946046,1.675987
9.939237,9.486378
8.404397,7.850363
11.179931,10.603411
7.6148,7.076302
10.240446,9.693043
8.195387,7.674259
8.522328,7.984554
11.573398,11.051925
8.071428,7.486302
10.963292,10.414394
8.327009,7.841881
12.127366,11.557405
5.57804,5.106282
5.302501,4.767199
30.124218,29.567095
12.158515,11.607051
8.284381,7.733512
1.768799,1.48177
3.505145,3.10111
8.431977,7.876169
9.212038,8.69473
2.056231,1.768603
8.779919,8.219209
14.204028,13.664572
14.202758,13.602634
11.501901,10.964233
11.012189,10.468854
1.075937,0.872351
1.898269,1.610383
7.610886,7.052424
8.143113,7.561739
8.702203,8.111904
8.766709,8.179176
9.190955,8.650061
1.873118,1.590809
8.343901,7.778216
7.667505,7.148791
8.295977,7.790436
7.433643,6.955941
10.470521,9.965991
8.002874,7.527935
1.040001,0.782744
11.206652,10.70468
8.194724,7.699961
4.953695,4.517613
10.34704,9.775062
7.622251,7.090246
9.705422,9.17029
8.51527,7.979418
8.032762,7.469641
8.763242,8.204021
8.01298,7.435653
11.87119,11.321156
5.599658,5.153656
8.868191,8.350617
4.721097,4.343991
10.211725,9.655917
7.973788,7.451215
9.177726,8.634306
3.140935,2.792403
2.015695,1.718272
8.381421,7.842309
8.757459,8.243152
28.777967,28.223448
7.926896,7.384299
8.243129,7.719491
11.222098,10.641556
12.924872,12.396905
7.595269,7.057921
7.367729,6.862648
8.324134,7.789669
14.186162,13.641582
8.848776,8.299896
7.680059,7.151959
10.739576,10.312581
1.786513,1.491902
8.986823,8.430491
10.616408,10.140646
8.883896,8.343935
7.872757,7.362263
8.812874,8.218727
8.024384,7.52553
14.248655,13.710572
11.255868,10.715866
1.863055,1.582935
8.541735,8.010065
10.963148,10.468115
2.578986,2.288756
9.153239,8.651386
8.085601,7.51212
12.409288,11.897937
30.218363,29.670411
9.35667,8.813326
9.488774,8.981343
9.563697,9.018571
12.844972,12.329469
11.07979,10.528996
9.076227,8.569394
8.772113,8.257572
7.885097,7.355324
3.107731,2.746831
7.763115,7.228812
8.781457,8.223319
9.897965,9.329725
7.652551,7.123486
7.913069,7.337132
8.556285,8.03479
5.530599,5.079995
11.914232,11.366767
11.50029,10.973314
8.083922,7.578819
13.856453,13.299139
4.805823,4.379275
30.062942,29.492616
1.75808,1.499378
8.481204,7.927766
8.321954,7.738484
8.137766,7.5965
5.125037,4.67596
9.430836,8.942054
4.497877,4.132131
11.489583,10.973697
5.050785,4.613431
8.170744,7.644206
4.258839,3.904671
9.136264,8.627383
9.323611,8.804167
9.902222,9.36497
13.555955,12.994377
1.941084,1.647005
30.387628,29.79087
4.865613,4.454321
3.736907,3.316009
12.65454,12.076562
7.846603,7.294896
10.288596,9.767394
1.879302,1.577981
12.061611,11.522939
1.112274,0.851484
14.372999,13.822714
2.09077,1.763029
9.881463,9.348242
11.106253,10.552071
7.650722,7.08046
11.186002,10.568675
2.643097,2.29059
11.269661,10.716556
11.042309,10.53022
8.43567,7.96328
4.868939,4.424374
1.81092,1.545587
11.263951,10.700619
7.803546,7.274743
12.673461,12.139116
10.164055,9.650667
13.970082,13.420192
13.013121,12.465536
7.999296,7.456921
14.648611,14.087943
8.849043,8.302081
8.327676,7.767472
9.820201,9.279098
11.273052,10.748059
2.619957,2.302265
11.2625,10.756088
9.46741,8.929243
8.804668,8.23899
1.811672,1.504804
7.598503,7.013713
9.145662,8.625
8.793155,8.290751
7.996746,7.448187
10.307301,9.755293
1.078555,0.809751
5.528126,5.113776
9.058492,8.540383
3.239392,2.90106
3.303008,2.978644
1.134261,0.8695
14.497293,13.938739
7.508718,7.001511
1.100127,0.859783
9.598901,9.01453
1.745516,1.466537
29.062037,28.532296
28.066353,27.569519
8.205746,7.730742
7.943649,7.38826
2.630703,2.274154
9.948143,9.401714
8.385987,7.876447
11.315929,10.769156
8.061316,7.473237
8.839756,8.345468
10.204385,9.690818
5.101277,4.695507
8.239111,7.743107
8.11979,7.579685
1.906809,1.66583
5.003413,4.544623
15.271425,14.741196
9.123503,8.582566
13.786384,13.258606
9.317748,8.802353
9.397941,8.859015
37.144627,36.591419
4.861802,4.432084
7.8458,7.325737
1.844815,1.57732
7.983264,7.389077
7.48364,6.970946
1.166805,0.901602
8.044843,7.526027
8.795422,8.271157
4.832104,4.409359
8.904728,8.35667
2.595499,2.267563
14.440636,13.885396
11.297962,10.808273
2.91563,2.5428
2.538647,2.198731
2.027167,1.752189
3.190138,2.871524
10.604296,10.080946
8.779373,8.222332
9.21178,8.706419
14.716909,14.178214
7.570962,7.081652
12.964234,12.407142
8.0018,7.449344
8.801268,8.233326
9.735986,9.180999
8.087168,7.512923
29.435054,28.874862
8.729717,8.152395
5.463754,5.023404
10.043695,9.549268
7.924837,7.364057
10.904761,10.360124
7.978785,7.461978
11.38819,10.906808
7.109705,6.61278
8.426044,7.908955
8.119689,7.624049
7.103246,6.601837
8.516677,7.966035
9.039376,8.444759
12.15228,11.590059
7.400427,6.910256
9.324161,8.770101
8.641228,8.097969
10.298228,9.734062
8.603022,8.075451
7.438014,6.964174
7.326683,6.834942
7.308886,6.791326
1.940926,1.622391
9.325872,8.763768
8.610111,8.021964
7.756472,7.21867
7.765973,7.209937
7.863694,7.369076
9.579947,9.042393
10.427638,9.924363
9.326262,8.791145
8.581978,8.036883
5.384685,4.943
5.623533,5.180634
7.767741,7.210043
8.286593,7.728551
14.206313,13.702027
7.912637,7.394364
3.481568,3.140902
11.989418,11.419412
1.97494,1.670288
8.625577,8.056739
2.006465,1.741711
8.267358,7.73402
7.543781,7.004575
12.985505,12.436501
5.431375,4.922737
9.123037,8.588897
7.997213,7.445444
8.417361,7.88617
10.352193,9.840095
2.529345,2.213369
8.52859,7.992454
1.868328,1.531051
11.477246,10.932783
10.678259,10.123619
7.936038,7.355068
37.725968,37.176783
7.825845,7.262004
3.289241,2.954542
8.349748,7.852361
7.898822,7.371002
10.434432,9.849973
10.953037,10.408276
1.963033,1.625048
7.288779,6.747777
14.40413,13.85168
14.090332,13.521199
14.532201,14.004383
7.0086,6.50628
4.71144,4.308297
9.872962,9.332826
8.531599,7.968168
9.70651,7.460148
3.745069,3.393879
9.173375,8.631503
12.192507,11.660268
8.842458,8.253016
8.10683,7.608037
13.705106,9.039701
4.433949,3.945317
8.746597,8.210678
11.919208,11.379673
9.654502,9.11634
7.727154,7.197513
2.911133,2.565465
8.966659,8.444434
9.396481,8.894126
8.195604,7.638018
11.971191,11.436674
30.298281,29.728581
13.914545,13.408075
10.473667,9.939784
7.990929,7.443248
1.983446,1.675264
10.757229,10.217038
10.569217,10.026824
4.746982,4.348379
31.62842,31.032543
8.925659,8.389123
8.432323,7.908262
12.172559,11.648593
8.174106,7.631218
30.525709,29.991078
10.830247,10.299613
14.514691,13.992515
7.869831,7.333136
31.062383,30.531036
1.944346,1.629195
14.170614,13.62507
4.745159,4.331864
8.984745,8.468386
2.228379,1.934011
2.008449,1.716731
1.06407,0.854228
10.928329,10.342836
3.479495,3.134974
5.690892,5.233851
9.869084,9.320499
11.142273,10.591948
6.784057,6.288738
1.860187,1.584796
10.009897,9.479474
10.465453,9.876078
11.028783,10.464026
1.918644,1.63293
14.574112,14.040696
10.120346,9.543414
2.123142,1.820863
1.839377,1.522786
8.540783,7.985265
7.8477,7.312726
4.172316,3.785932
12.695166,12.099973
13.135104,12.559905
10.724136,10.146592
12.257727,11.716771
5.683624,5.245028
8.925494,8.345093
10.950035,10.40984
7.900499,7.372136
8.402722,7.834124
8.021802,7.471473
8.739619,8.219645
7.706034,7.134614
9.100255,8.59688
11.316228,10.773851
12.599594,12.032124
7.558729,7.008736
3.262937,2.939181
8.261615,7.733645
11.04429,10.480154
7.867789,7.344488
5.393451,4.978006
11.124266,10.593394
9.942565,9.389001
7.216084,6.707836
14.127335,13.560915
3.614345,3.2313
8.440234,7.95548
8.45191,7.886888
8.90723,8.396728
12.097947,11.587227
5.507268,5.029912
3.339544,2.965623
10.852487,10.248554
8.044643,7.542216
7.759133,7.224281
10.316451,9.739634
1.06489,0.864506
13.259196,12.708496
1.859611,1.59898
14.09125,13.539698
9.96057,9.40609
11.017866,10.461078
5.072585,4.65116
7.41138,6.880119
11.509839,10.948624
10.936037,10.410332
8.650839,8.125077
7.012055,6.481111
9.146752,8.629591
10.790772,10.250566
1.936793,1.599487
8.428954,7.88352
8.58633,8.089735
1.923113,1.625847
14.118091,13.533048
8.343836,7.8304
1.858558,1.604294
7.376354,6.853566
9.756871,9.203018
3.043226,2.707914
9.006087,8.472568
7.955958,7.396903
10.120258,9.570263
4.169602,3.77764
8.493936,7.984986
31.0064,30.450769
6.909564,6.39884
8.240908,7.706453
1.775807,1.528515
29.670137,29.090954
10.030776,9.494121
7.771675,7.204371
8.349964,7.818241
7.641756,7.113084
8.337973,7.806866
8.932208,8.419282
1.737657,1.473928
2.121073,1.814582
8.389642,7.897357
8.472514,7.92657
8.240403,7.727515
7.581713,7.078126
11.045201,10.481159
9.214626,8.65236
1.971458,1.671244
3.4573,3.073808
1.746262,1.470448
13.851207,13.311353
5.54608,5.09932
8.178795,7.669275
8.696182,8.16223
1.994297,1.680832
29.472639,28.922052
8.516925,7.967292
10.340764,9.7802
1.791189,1.492981
5.707494,5.240362
7.33703,6.813712
13.528534,12.950814
8.225991,7.684868
1.108424,0.851827
8.491111,8.009912
9.377067,8.860183
8.912188,8.370737
7.374802,6.859001
7.590881,7.042781
9.662853,9.092128
9.341237,8.797667
9.33275,8.762971
7.058627,6.587429
7.259897,6.722085
30.282251,29.695332
7.705057,7.177696
9.620818,9.047511
3.340258,3.006422
29.493762,28.896532
8.325604,7.784362
14.48681,13.96846
7.26356,6.8017
5.55332,5.090958
10.019168,9.46831
10.39596,9.835914
8.115032,7.634268
8.557584,8.08643
10.288607,9.776122
2.047595,1.7326
1.7078,1.427384
8.378885,7.865188
2.37274,2.052736
7.785211,7.229766
8.518868,7.974272
12.233913,11.681123
8.683535,8.144279
1.97772,1.663844
1.908153,1.612571
8.360978,7.838877
9.105521,8.586736
1.895117,1.60865
7.470837,6.948474
8.601312,8.091774
1.995533,1.693334
7.520215,6.929997
13.928892,13.394873
8.429005,7.89974
8.382862,7.838246
8.344579,7.85633
7.692216,7.102338
1.95007,1.662203
9.733759,9.162521
8.116897,7.573779
11.241721,10.709069
11.330636,10.780633
8.575726,8.037788
8.57806,8.015312
7.996723,7.442961
9.368914,8.81236
7.164632,6.648825
3.213221,2.866712
8.85305,8.310893
7.20768,6.722573
1.884469,1.617884
12.772168,12.193645
1.746109,1.440838
5.478847,5.024453
11.292099,10.753175
9.02791,8.528215
8.371128,7.87914
8.248005,7.701855
1.081537,0.836915
7.713374,7.14633
7.182626,6.646943
7.786036,7.219555
9.33856,8.794725
1.120463,0.902281
12.46115,11.888818
12.526757,11.95381
3.562907,3.200095
10.866091,10.347447
9.65822,9.11973
8.768949,8.24015
3.723279,3.362191
1.149385,0.898191
14.306458,13.75806
29.676408,29.051789
29.91799,29.370624
10.317207,9.732123
11.523196,10.968632
8.25299,7.736966
2.050608,1.792246
8.759992,8.201177
9.760346,9.203308
3.213824,2.893539
14.321116,13.739844
1.092166,0.892064
8.630443,8.10555
8.118209,7.551893
5.52687,5.082239
3.25487,2.911636
5.419989,4.996223
14.581067,14.051813
8.443581,7.90213
4.590735,4.220999
10.128856,9.648416
4.606339,4.189704
3.579966,3.219089
7.530796,7.017423
7.762195,7.226511
7.723212,7.235498
9.795704,9.29704
7.33058,6.845552
8.269844,7.757888
8.89282,8.404533
7.041919,6.566222
7.332073,6.894994
8.977642,8.444818
7.899368,7.364904
8.378526,7.895617
8.427842,7.918504
7.975817,7.352512
7.542538,7.01781
8.470949,7.970228
8.889646,8.346615
1.166134,0.902435
10.429152,9.908247
8.066925,7.511762
1.110629,0.856758
10.855806,10.366952
7.472285,6.975116
7.78248,7.296499
9.76342,9.236108
8.116462,7.573258
1.926074,1.638023
8.443756,7.915142
8.500143,7.928103
14.59991,14.043878
8.803641,8.223546
2.010589,1.676844
7.595684,7.075313
1.728229,1.488016
9.748798,9.163829
4.552228,4.224712
10.589283,10.052208
13.97534,13.443761
7.654408,7.139031
8.56711,8.05896
8.532572,8.059442
8.627768,8.028453
11.444319,10.927841
5.387735,5.002211
8.819467,8.280384
8.703986,8.191385
7.484779,6.952373
13.980958,13.446739
12.569466,12.052296
9.765723,9.237039
1.923514,1.652561
8.372873,7.873062
7.495242,6.952973
2.109568,1.794298
9.221974,8.653239
9.866324,9.343119
7.71991,7.213302
8.586598,8.034975
10.916853,10.36661
2.455385,2.104006
8.463587,8.022348
5.391854,4.999843
8.633508,8.062609
13.07045,12.561834
8.927141,8.399607
12.373083,11.803499
2.626541,2.317082
37.556413,36.956079
10.713156,10.183324
8.130186,7.566074
8.624434,8.07788
8.10857,7.57949
7.97221,7.453396
8.802703,8.244235
8.049797,7.529797
7.433382,6.923983
9.111212,8.602091
11.116569,10.592658
10.779138,10.249744
3.158274,2.800935
7.948182,7.364538
1.094001,0.871239
8.55187,7.983062
7.493948,6.983202
4.965141,4.543265
8.235792,7.706857
8.3259,7.882541
7.647848,7.149148
7.702501,7.188725
10.210173,9.708434
8.27598,7.751344
7.983466,7.410351
7.040934,6.572884
8.463823,7.993868
6.850843,6.357327
31.813106,31.215533
13.389508,12.865585
8.088887,7.515482
7.703815,7.152752
7.425532,6.90533
9.188438,8.60372
9.341414,8.786344
37.544319,37.029902
9.380022,8.863561
7.285713,6.814131
7.575874,7.044598
8.548648,8.045751
11.991883,11.399251
10.248721,9.761123
29.044187,28.503947
7.898378,7.336471
31.71056,31.144003
8.655884,8.081385
9.169162,8.63452
7.179119,6.71235
9.107086,8.565832
13.254454,12.714892
7.691834,7.166769
7.606325,7.082347
13.768746,13.273248
8.228124,7.725634
8.856866,8.345958
11.09399,10.561337
7.526495,6.968832
13.060104,12.497121
9.702328,9.142064
13.253968,12.689445
7.51146,6.993346
9.870768,9.296177
5.369299,4.960722
10.09036,9.573288
8.228021,7.646773
13.335606,12.780966
8.277867,7.751637
10.142222,9.583186
11.126656,10.57319
12.455996,11.813889
10.384133,9.849704
10.773991,10.192095
7.916261,7.371388
12.016899,11.49406
8.831995,8.30685
1.919081,1.645651
8.529935,8.04466
8.696965,8.144245
7.463097,6.975071
1.848903,1.563615
8.754635,8.216843
8.166901,7.636365
1.719049,1.465768
7.940676,7.458388
5.800378,5.352092
1.099998,0.884099
10.264647,9.718405
11.752193,11.191033
12.430375,11.9127
7.191718,6.608856
30.100387,29.533596
8.181304,7.679886
8.643343,8.136639
5.217778,4.823493
8.25909,7.742175
4.447194,4.067576
7.422556,6.926247
8.062694,7.467513
8.058653,7.482584
10.65482,10.109115
8.456549,7.936466
8.56935,8.067537
7.124523,6.641712
8.959799,8.430784
8.779395,8.253147
9.978054,9.442809
8.588478,8.069369
10.724496,10.171115
8.472899,7.932677
4.388879,4.006115
10.236503,9.705795
2.205699,1.926426
9.606786,9.065227
1.075231,0.841889
8.931821,8.423276
8.979318,8.464362
9.294955,8.755003
1.105781,0.853387
3.010911,2.679427
8.487152,7.970394
8.5486,8.01554
7.215358,6.669208
10.761874,10.202307
18.303608,17.805064
12.206126,11.615441
2.84933,2.532598
10.926388,10.405571
8.474646,7.943691
3.198447,2.869283
12.920771,12.385944
8.283144,7.744205
9.516113,8.96333
8.394451,7.821515
8.100861,7.497745
8.729378,8.212094
8.261587,7.723145
7.649894,7.09321
1.107736,0.860354
11.415726,10.848158
9.871828,9.313368
9.130884,8.612455
7.981258,7.433179
10.352756,9.821791
10.124205,9.536682
8.162685,7.564541
8.472483,7.915769
10.32517,9.768425
14.778645,14.12435
9.153623,8.639107
29.280128,28.69176
4.289829,3.849711
2.318372,1.994823
5.246414,4.751721
29.667637,29.057853
7.799488,7.273584
8.424146,7.899737
29.527146,28.982918
12.486329,11.451615
8.829458,8.293639
2.09253,1.789242
8.543421,7.957783
6.961667,6.466558
8.099555,7.531371
8.305844,7.799538
11.761745,11.214704
10.883721,10.307888
8.344235,7.807486
7.773597,7.266775
10.273159,9.792062
9.616554,9.048456
8.052686,7.43478
12.196828,11.727289
8.186078,7.670244
8.707359,8.224227
12.463341,11.931414
12.585643,12.055411
10.080288,9.551229
7.409068,6.909143
8.477758,7.904742
7.097132,6.597621
2.548561,2.219915
9.865669,9.343117
7.850241,7.379914
8.699123,8.174251
11.816665,11.296827
7.246307,6.719469
8.687816,8.181961
1.138396,0.885301
14.290142,13.777867
8.014658,7.431588
8.423388,7.926259
10.037178,9.469457
9.199441,8.654496
7.489422,6.99853
13.993292,13.483034
8.575043,8.078905
8.001367,7.479179
8.085223,7.497919
1.025428,0.785901
7.666198,7.164799
12.813441,12.254686
7.888178,7.350622
2.052262,1.757618
7.749227,7.223647
8.136391,7.568875
7.96873,7.438494
5.165817,4.728507
3.743267,3.369951
7.711322,7.154128
3.5916,3.226787
13.413526,12.862878
9.929308,9.380976
7.878187,7.351699
13.40557,12.870368
9.210148,8.648988
7.794778,7.267992
8.100934,7.530797
9.033543,8.540229
9.353798,8.826907
8.297254,7.712769
1.099921,0.840189
9.157993,8.596419
10.979857,10.474286
7.827581,7.264444
8.648268,8.084197
8.744132,8.186231
7.315714,6.840004
12.225561,11.612835
32.338344,31.704831
14.178783,13.577704
14.434398,13.884673
8.274216,7.709923
1.783785,1.489689
8.647768,8.080912
4.895548,4.467388
10.90377,10.343834
8.549774,7.993039
8.540513,7.983009
7.289238,6.734931
8.300433,7.760356
7.439446,6.949649
8.416155,7.902036
8.778647,8.237111
3.252383,2.87782
2.08869,1.782631
8.511153,8.031168
12.797311,12.267517
7.72261,7.195478
11.80606,11.277718
10.525805,9.986903
29.302633,28.723756
12.843943,12.287498
8.31595,7.833901
11.490246,10.957193
11.944153,11.411111
4.433389,3.975747
14.137081,13.625092
8.393473,7.877189
8.354591,7.826943
5.24808,4.79105
8.250603,7.740074
8.16623,7.683475
4.638096,4.294481
7.485209,6.954039
3.481065,3.123709
9.844062,9.319598
13.798879,13.298252
2.523423,2.209791
13.671796,13.122727
7.777884,7.259065
4.91586,4.503994
3.631003,3.249184
2.109996,1.833696
9.393625,8.828174
8.10095,7.596207
8.51063,7.980803
7.165605,6.647024
9.985232,9.454819
5.078581,4.618865
7.762651,7.184074
9.792259,9.222693
8.400538,7.864313
1.055496,0.851045
8.228151,7.679069
4.539637,4.148404
10.630303,10.087275
9.993484,9.426966
7.141672,6.601403
1.916689,1.612599
11.078023,10.545875
2.455802,2.107327
8.226917,7.665647
9.034992,8.53994
8.126145,7.607378
9.814803,9.299298
7.570545,7.030936
8.717177,8.156648
10.084585,9.524536
12.883754,12.312116
13.717799,13.160733
8.774333,8.227282
7.889273,7.356534
8.369927,7.826653
8.09433,7.537292
9.687379,9.10874
9.070518,8.518131
38.253923,37.701144
8.099705,7.546821
7.993764,7.420468
13.947992,13.376298
10.790811,10.229472
10.469335,9.904672
1.842578,1.592407
7.957737,7.377259
9.488909,8.94707
11.601761,11.056095
8.628844,8.065307
8.305047,7.778409
11.917035,11.382184
2.088285,1.788608
8.453038,7.902351
2.160094,1.81771
8.615704,8.104418
5.359884,4.918586
14.128534,13.584061
11.146847,10.602705
1.218972,0.944344
8.610118,8.112432
10.14411,9.5977
8.759371,8.228188
1.979415,1.670562
11.275418,10.775411
2.109699,1.814225
29.879652,29.319015
7.89862,7.376264
10.028006,9.515492
2.923318,2.573924
8.328974,7.811411
29.570394,28.977757
7.054922,6.562161
10.188654,9.716028
10.580537,10.107955
1.791886,1.539329
10.71012,10.184589
6.936014,6.446213
28.825053,28.311507
7.491571,7.014451
8.847211,8.303962
8.96841,8.463718
7.733114,7.220711
1.960797,1.712321
7.553463,7.046255
8.798068,8.247187
11.222184,10.641084
10.180797,9.619695
6.702971,6.18921
7.723463,7.180747
7.567849,7.074265
8.190935,7.71075
9.19571,8.610442
8.442283,7.869569
8.707836,8.186741
3.571412,3.240796
9.162665,8.676216
7.741501,7.166027
8.062057,7.538569
10.367522,9.805343
8.875198,8.316426
9.1135,8.548984
8.133204,7.550601
2.072302,1.802714
10.391552,9.847573
7.82442,7.258206
9.673444,9.076586
1.826868,1.552953
8.571357,7.988722
9.459573,8.933865
2.065784,1.721777
7.562149,7.012225
10.290223,9.761032
8.032799,7.455523
12.508662,11.956992
1.918863,1.659436
8.145549,7.60276
8.970453,8.441906
1.889801,1.560474
11.26253,10.760803
8.80043,8.233059
6.86217,6.341848
9.314052,8.755222
7.230123,6.732068
1.991538,1.676191
10.682172,10.148085
7.741074,7.20294
1.111011,0.858366
8.29699,7.744974
8.53668,7.996186
14.070445,13.522098
1.936892,1.615794
9.414425,8.873168
8.46979,7.938216
29.515341,28.938506
7.676201,7.125235
8.961241,8.40684
5.602587,5.126553
7.55949,7.016357
12.474809,11.914681
7.711205,7.126077
8.474054,7.954908
9.397416,8.846117
1.864451,1.601525
1.81436,1.521314
12.22219,11.665278
8.063086,7.519798
1.063775,0.841991
11.423143,10.856703
8.791067,8.26297
4.940131,4.496032
7.753419,7.218736
14.290321,13.758078
7.135611,6.652077
10.638822,10.130212
13.771304,13.198159
3.16719,2.833787
30.840819,30.277063
8.691086,8.11563
7.823266,7.289738
7.783887,7.255772
9.652495,9.121078
8.159628,7.651457
10.181518,9.657669
30.453746,29.909329
14.34705,13.807913
4.281205,3.898029
9.31512,8.768588
8.051582,7.509631
11.389447,10.824411
5.345033,4.889548
29.475825,28.912191
8.631245,8.076493
8.41282,7.888006
7.883679,7.334884
9.205341,8.611296
8.615826,8.097826
7.794403,7.256754
9.315319,8.786519
1.942865,1.648362
10.153684,9.551104
9.346482,8.781134
4.814449,4.400638
2.534469,2.214128
2.022819,1.737733
9.368397,8.814869
2.356758,2.039278
8.283142,7.736689
5.092499,4.651705
8.173791,7.648111
7.942821,7.361535
12.371062,11.838107
8.492763,7.992132
4.536955,4.160309
2.138308,1.866971
3.302021,2.962841
32.140315,31.532055
8.365059,7.82632
9.11845,8.549189
30.190261,29.609133
8.443382,7.858625
7.449663,6.938265
8.670309,8.131784
9.08928,8.54116
8.507364,7.961077
8.532795,7.973524
4.737901,4.338041
10.904573,10.380372
11.010561,10.470782
4.148503,3.778671
12.332115,11.747988
12.094541,11.530983
11.966708,11.458365
9.403182,8.886225
7.614377,7.095156
1.916944,1.642803
9.163878,8.628186
7.781445,7.23858
7.657222,7.123432
3.441186,3.128742
13.394352,12.831845
8.288351,7.77978
7.606533,7.071645
2.402702,2.11034
7.812819,7.266784
7.560944,7.070045
8.435638,7.937585
1.964871,1.660945
9.135101,8.660476
7.937092,7.435101
8.528404,8.002903
31.493169,30.96771
14.077777,13.55877
8.230495,7.696017
8.878841,8.320709
1.870031,1.62262
8.406804,7.87
12.619325,12.082588
8.312709,7.75804
9.409519,8.843654
10.870638,10.326025
2.305958,1.974111
5.010511,4.55473
9.883086,9.36178
8.504311,7.981534
10.964001,10.403795
8.575479,8.039154
5.477765,5.053009
9.423772,8.907975
8.033027,7.501917
7.381125,6.82362
8.174954,7.627433
14.224214,13.663221
8.126038,7.592277
2.049497,1.796094
12.797561,12.239369
7.925653,7.427326
12.890264,12.366103
8.613921,8.076345
10.019682,9.461274
9.500665,8.971653
8.721463,8.141319
8.611887,8.050646
8.437502,7.908933
7.852641,7.334201
7.488095,6.978354
8.257027,7.72853
14.970809,14.458084
9.249896,8.713864
8.686283,8.141928
7.95591,7.424454
1.851781,1.555224
29.675677,29.094347
8.171936,7.618007
3.576295,3.242972
8.160665,7.65492
1.934123,1.637645
11.288762,10.79294
29.438771,28.916449
9.81408,9.304283
29.379204,28.736929
10.034982,9.458082
37.777847,37.225638
9.423844,8.884265
11.397606,10.891112
7.850359,7.348388
13.605847,13.077357
9.414061,8.899785
7.81443,7.292715
5.553797,5.124202
28.568936,28.057847
14.452388,13.902405
5.420966,4.996693
7.526749,7.012893
1.095867,0.838854
7.853882,7.342446
13.369713,8.669625
7.343031,6.844594
1.917735,1.625964
7.882661,7.350162
10.197159,9.653636
8.911051,8.40998
9.653651,9.056467
3.461598,3.153784
8.826734,8.311574
8.509421,7.991451
8.986368,8.469108
7.565076,7.029666
7.370056,6.81264
10.437795,9.927286
2.438135,2.095358
7.719269,7.166895
2.983799,2.655317
10.383886,9.822072
8.794697,8.244292
11.015349,10.522419
8.066208,7.554221
4.834758,4.432389
7.572977,7.092371
10.49497,9.960767
38.329846,37.788535
8.830936,8.240729
7.041117,6.565128
7.717082,7.203537
31.59464,31.022909
4.91979,4.489442
9.012173,8.485533
1.797202,1.491547
14.362168,13.819564
1.903557,1.622429
7.689959,7.144728
8.413056,7.896997
8.713622,8.148512
8.433687,7.907925
11.232072,10.676195
1.846353,1.574744
8.971098,8.443035
8.584379,7.979525
2.010724,1.702623
4.532915,4.128038
6.989359,6.475293
4.252628,3.844643
8.895842,8.349724
7.344491,6.809167
12.931025,12.413139
14.260543,13.693977
9.43114,8.881556
12.969696,12.439066
9.497118,8.98636
13.865615,13.339416
1.905634,1.611692
12.070766,11.516421
7.782983,7.21742
12.586977,11.9977
7.233964,6.697206
8.498812,8.041868
11.779293,11.226763
10.357441,9.821806
14.158056,13.606555
11.476167,10.931048
7.610182,7.114078
8.015629,7.484008
14.503098,13.86601
8.744311,8.178557
10.142333,9.579728
12.340254,11.755942
29.101411,28.527236
7.596727,7.060261
1.958657,1.639528
7.706445,7.174926
30.165439,29.624659
8.132113,7.565753
4.864536,4.448306
7.805095,7.295883
13.28497,12.758993
8.549317,8.023111
8.4849,8.018328
9.933093,9.460425
7.519508,7.030733
8.944722,8.409438
4.893657,4.423348
7.994406,7.435513
8.512272,7.938392
4.366369,3.952063
8.462421,7.920864
8.617643,8.030184
2.025613,1.696723
13.912095,13.38127
8.262321,7.741019
12.785538,12.253512
8.500765,7.959217
8.886512,8.367604
2.596336,2.213194
11.285586,10.734416
8.612441,8.089584
11.074295,10.575127
9.909606,9.362391
11.496545,10.937104
4.94416,4.550689
8.70586,8.1313
9.223586,8.721449
9.207255,8.654697
10.008061,9.437061
8.443944,7.909568
1.071668,0.818382
8.66657,8.123265
9.194074,8.658616
8.319203,7.792606
7.338127,6.825184
8.922877,8.387425
7.520897,7.01326
9.112217,8.61001
1.922471,1.650059
8.0956,7.546591
12.887012,12.36646
13.631953,13.07605
7.266115,6.781364
1.873,1.560405
4.196739,3.821118
5.582677,5.130706
10.279746,9.692359
14.328803,13.74605
8.245559,7.67687
7.865917,7.349364
4.799029,4.381961
7.622532,7.095047
8.09657,7.545189
2.029559,1.728816
1.880915,1.623757
8.676365,8.118391
14.062527,13.493561
1.134246,0.877158
9.330133,8.785107
7.350618,6.831523
12.256973,11.691522
8.068604,7.475729
12.643068,12.102724
7.378655,6.922565
1.131731,0.874499
7.097358,6.647055
8.298972,7.703855
7.87716,7.366411
11.864339,11.313445
14.191913,13.632747
8.785352,8.223205
9.192817,8.687268
7.341902,6.836275
9.909909,9.365667
5.25801,4.861503
10.235797,9.701065
1.866783,1.596949
7.620306,7.075262
8.796136,8.287521
8.381028,7.868961
10.322505,9.761922
11.270697,10.706741
5.870564,5.387823
30.459065,29.934161
10.310026,9.761507
8.159173,7.622093
14.269937,13.731974
9.604178,9.097856
1.14541,0.902418
8.735646,8.220732
8.428759,7.88262
5.530592,5.085193
8.163159,7.629175
4.859032,4.4649
7.035983,6.508547
10.295164,9.766361
1.089185,0.82757
11.789497,11.275258
8.594436,8.080049
7.336589,6.840004
2.04073,1.734846
8.71378,8.11953
9.906441,9.383272
7.25861,6.727866
8.230273,7.673611
8.437321,7.922545
8.120826,7.595822
29.235232,28.657319
8.60074,8.093765
10.694991,10.121342
8.73609,8.157528
1.931267,1.645301
13.126249,12.597078
1.050309,0.840474
8.033609,7.495919
8.010204,7.464131
1.01929,0.802866
13.273347,12.751803
8.90939,8.363018
13.554152,12.99468
8.747968,8.226416
9.224721,8.689216
9.088595,8.551984
10.449366,9.894213
8.92844,8.416746
11.564477,11.020597
1.793119,1.537577
10.857542,10.317802
8.92889,8.386968
12.174394,11.616242
2.898652,2.578254
9.08034,8.52432
8.175479,7.679251
8.665656,8.1284
8.77135,8.234743
4.80464,4.401656
8.453434,7.901797
8.562039,8.024932
8.839941,8.324392
4.280079,3.849032
1.824186,1.554958
8.707801,8.2626
8.124003,7.615047
2.039311,1.758301
12.085062,11.498897
1.956667,1.643897
8.112662,7.552374
5.611698,5.178668
2.047587,1.758476
8.893504,8.34946
7.679455,7.110987
8.967317,8.422708
1.833378,1.508908
9.53419,9.033906
3.652816,3.292666
7.231787,6.746807
3.713456,3.321907
1.089434,0.842406
8.784294,8.255863
8.107639,7.567865
12.989968,12.431533
8.39173,7.877611
10.493782,9.917376
8.609738,8.075755
8.184683,7.642712
1.172879,0.917668
8.695798,8.150597
2.299565,2.001641
14.385731,13.836344
7.844885,7.314645
8.487692,7.953062
10.566326,10.053368
11.184324,10.623462
12.068842,11.505966
7.98623,7.46027
7.71989,7.216515
7.718727,7.203059
7.635578,7.07085
8.34895,7.736748
12.511081,11.946079
1.926859,1.630251
4.808765,4.362824
7.954902,7.411846
8.225185,7.713288
3.050872,2.732217
14.797116,14.29832
8.820317,8.301869
2.122452,1.794783
10.528973,9.933019
7.851234,7.31738
14.42019,13.803789
8.677975,8.169539
8.68697,8.170091
7.633963,7.130327
5.423771,5.015759
1.99059,1.696889
13.18959,12.684151
1.060711,0.832083
1.136568,0.867482
8.303932,7.778475
8.753255,8.175606
14.231564,13.686212
2.937743,2.575232
8.601386,8.080006
7.624488,7.139834
8.51661,7.985248
4.737955,4.388072
11.682865,11.163578
8.635614,8.066349
9.472406,8.911536
9.963643,9.431644
8.589569,8.055698
8.229544,7.703097
1.803617,1.516316
10.167846,9.632495
10.218058,9.674707
8.103701,7.535891
7.832786,7.266768
8.197341,7.630583
10.387973,9.850958
8.769026,8.237686
7.650741,7.107626
4.537576,4.127672
7.547692,7.05359
9.540879,8.952756
7.7145,7.199363
10.189676,9.640022
8.566363,8.01074
3.191373,2.897587
4.794726,4.405535
13.989547,13.470622
9.33147,8.828718
8.089362,7.557448
8.657031,8.090668
10.57031,10.065555
11.321372,10.766174
2.913128,2.565364
10.167824,9.634747
9.701924,9.105961
9.490762,8.929239
8.383536,7.931918
9.715123,9.169394
2.067215,1.812369
7.359693,6.852962
3.095017,2.725186
8.743467,8.1557
9.051728,8.487428
10.160451,9.59522
7.610047,7.077989
8.772808,8.23486
7.354766,6.85683
8.700294,8.135247
1.881845,1.623503
9.465993,8.926105
13.970724,13.443105
11.299261,10.751914
8.113833,7.578825
7.840814,7.270532
1.924332,1.637412
11.648007,11.084235
1.107384,0.868438
8.315294,7.766239
8.644706,8.086288
9.843051,9.286728
7.957225,7.445026
3.299407,2.928823
1.098663,0.88722
11.159473,10.598834
8.27931,7.746985
7.665454,7.130686
9.41023,8.884789
8.260812,7.681621
7.086801,6.576203
10.828246,10.291468
4.339845,3.995135
9.810859,9.298748
3.632946,3.319312
1.080381,0.833186
8.743907,8.154167
9.062176,8.478557
8.557317,8.030802
7.631145,7.074801
1.864225,1.59615
7.491108,6.963492
8.579078,8.042747
2.847995,2.542869
8.678537,8.163611
11.472279,10.908223
7.558966,7.020686
12.7556,12.201895
1.077591,0.857438
10.921124,10.392449
7.714145,7.171638
8.416853,7.850602
8.681195,8.132382
8.025412,7.456646
9.078003,8.54571
4.798304,4.413679
8.351882,7.830705
29.080358,28.508503
10.055418,9.500851
30.336687,29.754023
1.934232,1.665359
2.575737,2.256106
7.365841,6.815303
8.609619,8.057756
1.817491,1.557426
8.165134,7.603457
9.640932,9.097966
8.760058,8.183503
7.81485,7.250062
3.720495,3.36078
9.086544,8.549449
10.992829,10.450796
8.600228,8.081958
9.889467,9.37354
6.793535,6.33119
11.107913,10.576019
8.020147,7.470708
11.344573,10.809406
1.079937,0.856237
1.795427,1.522354
10.07892,9.51718
10.212713,9.680863
8.104724,7.52512
8.313235,7.78565
8.126433,7.623098
7.662255,7.124192
30.032968,29.475084
1.815429,1.518119
1.978125,1.702237
10.19628,9.605131
13.819,13.273344
1.995697,1.706989
11.209262,10.669965
31.128849,30.575128
9.954156,9.405634
7.739601,7.235037
9.338941,8.818664
10.049937,9.534664
4.133354,3.788638
2.033127,1.767611
7.346493,6.801919
2.385919,2.09195
10.444018,9.867052
8.57487,8.047394
1.941844,1.605681
2.221755,1.930167
9.316428,8.778761
14.671751,14.116729
1.877683,1.616223
7.968811,7.417518
29.125251,28.581182
1.970718,1.708275
30.023985,29.429587
11.101989,10.569449
8.486683,7.983045
8.586538,8.102766
12.812855,12.304235
1.836597,1.54197
5.012236,4.578067
8.653895,8.090348
1.880977,1.556462
9.896174,9.315354
2.096118,1.792295
1.989847,1.692347
2.351735,2.023434
7.777962,7.230492
8.419467,7.874774
10.216895,9.621699
38.368967,37.759926
3.205065,2.879952
2.110978,1.81886
10.147462,9.5767
5.642293,5.094346
7.822942,7.273182
8.033892,7.486684
30.114676,29.59977
3.308569,2.988186
8.745665,8.216674
1.871963,1.60109
7.495069,7.01707
12.357924,7.389971
8.211651,7.70696
8.664417,8.147318
1.52955,1.286326
8.049614,7.421145
7.819394,7.295872
7.161897,6.640327
8.021706,7.553146
7.68858,7.159248
1.838473,1.586619
10.596737,10.035405
8.757921,8.185134
7.57253,7.081127
3.51045,3.157795
13.019517,12.40876
13.385587,12.793681
1.928751,1.62515
8.512319,7.950358
7.616969,7.103928
7.715192,7.201356
9.08346,8.4758
10.952542,10.424608
12.207389,11.679255
8.654726,8.100592
7.897994,7.346496
7.617299,7.097843
8.723263,8.196265
1.1425,0.883865
2.054687,1.740649
12.95858,12.390229
12.993826,12.46183
9.148711,8.579971
7.227101,6.71732
8.952331,8.427297
8.057205,7.505181
4.870389,4.456849
9.226757,8.647026
13.002028,12.463705
10.63541,10.063163
31.420349,30.824433
1.931078,1.641825
12.709646,12.189172
8.045183,7.480903
8.540546,8.009016
8.545907,7.996909
8.378866,7.880537
1.916868,1.632106
